Manufacturer,Model,Registration Status,Price,Mileage,Keys,Damage description,Transmission,Seats,Fuel Type,Link
MIRAGE,480 Hyperactive,No,"$2,000",N/A,0, Selling De-Registered,N/A,N/A,N/A,https://manheim.co.nz/damaged-vehicles/000000000006790178/1993-mirage-480-hyperactive-trailer--boat-?referringPage=SearchResults
Hino,Ranger KC-FD2J-DBD,No,$480,N/A,0," Burnt 100%, Fire Damage, Selling De-Registered","Manual, Fuel Type, Diese",N/A,Diesel,https://manheim.co.nz/damaged-vehicles/000000000006840458/1995-hino-ranger-kc-fd2j-dbd-truck?referringPage=SearchResults
Komatsu,WA100 Wheel Loader,No,$380,N/A,0," Burnt 100%, Fire Damage, Selling De-Registered",N/A,N/A,N/A,https://manheim.co.nz/damaged-vehicles/000000000006840490/1997-komatsu-wa100-wheel-loader-loader?referringPage=SearchResults
Subaru,Outback,No,$400,"244,890",0," Front Damage, Right Front Damage, Selling De-Registered","4spd Automatic,",5,Petrol,https://manheim.co.nz/damaged-vehicles/000000000006780556/2007-subaru-outback-wag-3-0r-aut-station-wagon?referringPage=SearchResults
Great Wall,GWM Cannon,No,$0,"71,435",, Selling De-Registered,"8spd Tiptronic,",5,Diesel,https://manheim.co.nz/damaged-vehicles/000000000006800736/2022-great-wall-gwm-cannon-luxury-4x4-2-0dt-4w-4d-dual-cab-utility?referringPage=SearchResults
Mazda,MAZDA3,Yes,$200,"213,671",1," Front Damage, Impact Heavy - Front, Selling Registered","Automatic,",5,Petrol,https://manheim.co.nz/damaged-vehicles/000000000006840748/2004-mazda-mazda3-sporthatch-gsx-2-0-hatch?referringPage=SearchResults
Toyota,Yaris,Yes,$600,"250,877",1," Front Damage, Impact Medium - Front, Selling Registered","Automatic,",5,Petrol,https://manheim.co.nz/damaged-vehicles/000000000006840790/2007-toyota-yaris-1-5p-sedan-4a-sedan?referringPage=SearchResults
Mazda,Axela,No,$400,"158,764",1," Right Rear Damage, Impact Heavy - Right Side, Selling De-Registered","Automatic,",5,Petrol,https://manheim.co.nz/damaged-vehicles/000000000006840799/2008-mazda-axela-hatch?referringPage=SearchResults
Holden,Barina,No,$400,"91,450",1," Rear Damage, Impact Heavy - Rear, Selling De-Registered","Automatic,",5,Petrol,https://manheim.co.nz/damaged-vehicles/000000000006840816/2013-holden-barina-cd-1-6-sedan-at-sedan?referringPage=SearchResults
Nissan,Note,No,$0,"217,300",0," Front Damage, Glass Broken, Has Key, Rear Damage, Selling De-Registered","Automatic,",5,Petrol,https://manheim.co.nz/damaged-vehicles/000000000006830848/2012-nissan-note-hatch?referringPage=SearchResults
DAF,XF,No,"$2,400",N/A,0," Fire Damaged, Selling De-Registered",N/A,2,N/A,https://manheim.co.nz/damaged-vehicles/000000000006810988/2004-daf-xf-95-530hp-articualted-truck-gvm-24-000kg?referringPage=SearchResults
Same,Antares,No,"$3,200","8,144 HR Showing, Transmission, Automatic, Drive Type, Four Wheel Drive, Fuel Type, Diese",1, Selling De-Registered,"Automatic, Drive Type, Four Wheel Drive, Fuel Type, Diese",1,Diesel,https://manheim.co.nz/damaged-vehicles/000000000006791082/1997-same-antares-tractor---loader-front-loader-tractor?referringPage=SearchResults
Ford,Ranger,No,$0,N/A,0," Burnt 100%, Fire Damage, Selling De-Registered","Automatic,",5,Diesel,https://manheim.co.nz/damaged-vehicles/000000000006841201/2012-ford-ranger-3-2td-xlt-dc-w-sa4x-utility?referringPage=SearchResults
BMW,X6,No,N/A,"70,326",, Selling De-Registered,"8spd Automatic,",5,Diesel,https://manheim.co.nz/damaged-vehicles/000000000006811229/2018-bmw-x6-xdrive-30d-sav-3-0d-5d-touring?referringPage=SearchResults
Honda,TRX420,No,$0,N/A,1," Water Damage, Selling De-Registered",Automati,N/A,N/A,https://manheim.co.nz/damaged-vehicles/000000000006831271/2012-honda-trx420-quad-bike?referringPage=SearchResults
Toyota,Ipsum,Yes,$600,N/A,0," Ignition Damage, Left Front Damage, Right Front Damage, Stolen & Recovered, Selling Registered","Automatic,",7,Petrol,https://manheim.co.nz/damaged-vehicles/000000000006821350/2005-toyota-ipsum-station-wagon?referringPage=SearchResults
CARAVAN,Leisure Line,No,"$1,700",N/A,0," Interior Damage, Right Side Damage, Selling De-Registered",N/A,N/A,N/A,https://manheim.co.nz/damaged-vehicles/000000000006831362/2014-caravan-leisure-line-boat?referringPage=SearchResults
Mazda,626,No,$200,"191,737",1," Engine Damage, Front Damage, Right Rear Damage, Impact Heavy - Entire Vehicle, Selling De-Registered","Automatic,",5,Petrol,https://manheim.co.nz/damaged-vehicles/000000000006831364/1998-mazda-626-sedan-limited-2-0-m-sedan?referringPage=SearchResults
MITSUBISHI FUSO,Canter,No,N/A,"219,808",, Impact Light - Front,"5spd Manual 5spd + Reverse Man,",7,Diesel,https://manheim.co.nz/damaged-vehicles/000000000006821397/2014-mitsubishi-fuso-canter-few75g1-euro-5-high-rail-crane-truck-gcm-11-000kg?referringPage=SearchResults
Nissan,Tiida,No,$600,"182,336",2," Impact Heavy - Rear, Selling De-Registered","Automatic,",5,Petrol,https://manheim.co.nz/damaged-vehicles/000000000006841436/2008-nissan-tiida-hatch?referringPage=SearchResults
CARAVAN,Lightweight Vagaband,No,$0,N/A,0," Left Side Damage, Selling Registered",N/A,N/A,N/A,https://manheim.co.nz/damaged-vehicles/000000000006841505/1974-caravan-lightweight-vagaband-caravan?referringPage=SearchResults
CARAVAN,Adria 532 Up,No,$0,N/A,0," Left Rear Damage, Left Side Damage, Selling De-Registered",N/A,N/A,N/A,https://manheim.co.nz/damaged-vehicles/000000000006831503/2007-caravan-adria-532-up-caravan?referringPage=SearchResults
Honda,Torneo,No,$500,"224,359",1," Left Front Damage, Impact Heavy - Front, Impact Heavy - Left Side, Selling De-Registered","4spd Automatic,",5,Petrol,https://manheim.co.nz/damaged-vehicles/000000000006771544/2001-honda-torneo-sedan?referringPage=SearchResults
Nissan,Tiida,No,$100,"118,083",0," Glass Broken, Interior Damage, Left Front Damage, Left Rear Damage, Left Side Damage, Right Front Damage, Rolled, Right Rear Damage, Right Side Damage, Selling De-Registered","Automatic,",5,Petrol,https://manheim.co.nz/damaged-vehicles/000000000006821573/2005-nissan-tiida-hatch?referringPage=SearchResults
Mitsubishi,Colt,No,$300,"128,487",1," Front Damage, Impact Heavy - Front, Selling De-Registered","Automatic,",5,Petrol,https://manheim.co.nz/damaged-vehicles/000000000006831688/2007-mitsubishi-colt-hatch?referringPage=SearchResults
Toyota,Corolla,No,$600,"102,267",1," Right Side Damage, Impact Heavy - Right Side, Impact Medium - Front, Selling De-Registered","5spd Manual,",5,Petrol,https://manheim.co.nz/damaged-vehicles/000000000006781711/1995-toyota-corolla-tiara-hatch?referringPage=SearchResults
Mazda,MPV,No,$500,N/A,0," Left Rear Damage, Left Side Damage, Impact Heavy - Left Side, Selling De-Registered","Automatic,",8,Petrol,https://manheim.co.nz/damaged-vehicles/000000000006841743/2006-mazda-mpv-station-wagon?referringPage=SearchResults
Holden,Trax,No,$5,N/A,0," Fire Damage, Fire - Entire Vehicle, Selling De-Registered",N/A,5,Petrol,https://manheim.co.nz/damaged-vehicles/000000000006811764/2018-holden-trax-ls-1-4p-6at-station-wagon?referringPage=SearchResults
Isuzu,ELF,No,$80,N/A,0," Fire Damage, Selling De-Registered",N/A,2,N/A,https://manheim.co.nz/damaged-vehicles/000000000006831774/1997-isuzu-elf-150-truck-gvm-4-000kg?referringPage=SearchResults
Mazda,Premacy,No,$1,N/A,0," Front Damage, Fire Damage, Fire - Entire Vehicle, Selling De-Registered","Automatic,",7,Petrol,https://manheim.co.nz/damaged-vehicles/000000000006771882/2006-mazda-premacy-station-wagon?referringPage=SearchResults
Nissan,March,No,$200,"84,648",0," Front Damage, Glass Broken, Ignition Damage, Left Front Damage, Left Rear Damage, Rear Damage, Vandalised - Interior, Impact Medium - Left Side, Stolen & Recovered, Selling De-Registered","5spd Manual,",5,Petrol,https://manheim.co.nz/damaged-vehicles/000000000006831945/2008-nissan-march-hatch?referringPage=SearchResults
Mitsubishi,Outlander,No,$0,"233,038",1," Front Damage, Selling De-Registered","Manual,",5,Petrol,https://manheim.co.nz/damaged-vehicles/000000000006831946/2006-mitsubishi-outlander-2400-station-wagon?referringPage=SearchResults
TRAILER,Tomeke,No,$200,N/A,0," Impact Heavy - Entire Vehicle, Selling De-Registered",N/A,N/A,N/A,https://manheim.co.nz/damaged-vehicles/000000000006841998/2005-trailer-tomeke-box-body?referringPage=SearchResults
Suzuki,Swift,No,$0,"143,729",0," Has Key, Right Front Damage, Selling De-Registered","Manual,",5,Petrol,https://manheim.co.nz/damaged-vehicles/000000000006842083/2008-suzuki-swift-glxh2-hatch?referringPage=SearchResults
TRAILER,Brian James Digger,No,$0,N/A,0," Left Side Damage, Selling De-Registered",N/A,N/A,N/A,https://manheim.co.nz/damaged-vehicles/000000000006842258/2022-trailer-brian-james-digger-car-carrier?referringPage=SearchResults
Nissan,Diesel,No,N/A,"908,634",, Selling Registered,"Manual,",3,Diesel,https://manheim.co.nz/damaged-vehicles/000000000006622259/1991-nissan-diesel-c9290-car-transporter?referringPage=SearchResults
Mazda,Demio,No,$500,N/A,1," Rear Damage, Impact Heavy - Rear, Selling De-Registered","Automatic,",5,Petrol,https://manheim.co.nz/damaged-vehicles/000000000006842285/2006-mazda-demio-hatch?referringPage=SearchResults
Maxicube,Reefer,No,$0,N/A,0," Rolled, Selling De-Registered",N/A,N/A,N/A,https://manheim.co.nz/damaged-vehicles/000000000006842286/2019-maxicube-reefer-curtainside?referringPage=SearchResults
Nissan,Murano Z50,No,$0,N/A,0," Right Rear Damage, Impact Heavy - Rear, Selling De-Registered","6spd CVT,",5,Petrol,https://manheim.co.nz/damaged-vehicles/000000000006822345/2006-nissan-murano-z50-off-road?referringPage=SearchResults
KUHN,GMD66 Mower,No,$0,N/A,0, Selling De-Registered,N/A,N/A,N/A,https://manheim.co.nz/damaged-vehicles/000000000006842352/2008-kuhn-gmd66-mower-mower?referringPage=SearchResults
Suzuki,GSX250,No,$0,"6,142",1," LH Fairing Damage, RH Fairing Damage, Frame Damaged, Impact Medium - Left Side, Selling De-Registered","6spd Automatic,",N/A,Petrol,https://manheim.co.nz/damaged-vehicles/000000000006822450/2021-suzuki-gsx250-rl-motorcycle?referringPage=SearchResults
Mazda,Atenza,No,$500,"86,957",0," Glass Broken, Rear Damage, Impact Heavy - Rear, Selling De-Registered","4spd Automatic,",5,Petrol,https://manheim.co.nz/damaged-vehicles/000000000006842460/2008-mazda-atenza-station-wagon?referringPage=SearchResults
Honda,Civic,No,$1,N/A,0," Fire - Entire Vehicle, Stolen & Recovered, Selling De-Registered","3spd Automatic,",5,Petrol,https://manheim.co.nz/damaged-vehicles/000000000006822488/1997-honda-civic-lxi-sedan?referringPage=SearchResults
Nissan,Tiida,No,$25,N/A,0," Rolled, Impact Heavy - Entire Vehicle, Stolen & Recovered, Selling De-Registered",N/A,5,Petrol,https://manheim.co.nz/damaged-vehicles/000000000006842506/2005-nissan-tiida-hatch?referringPage=SearchResults
Honda,Civic,No,$500,N/A,1," Front Damage, Rear Damage, Impact Heavy - Rear, Impact Medium - Front, Selling De-Registered",N/A,5,Petrol,https://manheim.co.nz/damaged-vehicles/000000000006842543/2004-honda-civic-sedan?referringPage=SearchResults
Suzuki,King Quad,No,$0,N/A,0, Selling De-Registered,N/A,N/A,N/A,https://manheim.co.nz/damaged-vehicles/000000000006772582/2019-suzuki-king-quad-quad-bike?referringPage=SearchResults
Mitsubishi,Fighter,No,N/A,"624,928",, Impact Light - Front,"5spd Manual,",3,Diesel,https://manheim.co.nz/damaged-vehicles/000000000006822724/2001-mitsubishi-fighter-fm255r2-curtainside?referringPage=SearchResults
Toyota,Vitz,No,$0,"174,483",0," Has Key, Right Front Damage, Suspension Damage, Selling De-Registered","Automatic,",5,Petrol,https://manheim.co.nz/damaged-vehicles/000000000006842765/2005-toyota-vitz-hatch?referringPage=SearchResults
Mazda,121,No,$0,"93,318",0," Has Key, Rear Damage, Selling De-Registered","Automatic,",5,Petrol,https://manheim.co.nz/damaged-vehicles/000000000006842767/1992-mazda-121-sedan-glx-sedan?referringPage=SearchResults
Mazda,MAZDA3,No,$600,"217,028",1," Right Rear Damage, Impact Heavy - Rear, Selling De-Registered","Automatic,",5,Petrol,https://manheim.co.nz/damaged-vehicles/000000000006842788/2008-mazda-mazda3-sporthatch-gsx-2-0-hatch?referringPage=SearchResults
NEW Holland,T5060,No,$0,N/A,0," Burnt 100%, Selling De-Registered","Automatic, Fuel Type, Diese",N/A,Diesel,https://manheim.co.nz/damaged-vehicles/000000000006842801/2012-new-holland-t5060-tractor?referringPage=SearchResults
Harley-Davidson,Sportster,No,$0,N/A,1," Front Damage, Left Side Damage, Selling De-Registered","Automatic,",N/A,Petrol,https://manheim.co.nz/damaged-vehicles/000000000006822839/2004-harley-davidson-sportster-04-standard-883-motorcycle?referringPage=SearchResults
Nissan,Juke,No,$600,"88,410",1," Front Damage, Impact Heavy - Front, Selling De-Registered","Automatic,",5,Petrol,https://manheim.co.nz/damaged-vehicles/000000000006843062/2013-nissan-juke-station-wagon?referringPage=SearchResults
Toyota,Caldina,No,$0,N/A,0," Front Damage, Selling De-Registered","Automatic,",5,Petrol,https://manheim.co.nz/damaged-vehicles/000000000006803126/2005-toyota-caldina-station-wagon?referringPage=SearchResults
Mercedes-Benz,GL,No,N/A,"76,319",, Selling De-Registered,"6spd Tiptronic,",7,Petrol,https://manheim.co.nz/damaged-vehicles/000000000006623198/2013-mercedes-benz-gl-63-amg-5d-station-wagon?referringPage=SearchResults
LOCAL BUILT,Trailer,No,$80,N/A,0," Fire - Entire Vehicle, Fire Damaged, Selling De-Registered",N/A,N/A,N/A,https://manheim.co.nz/damaged-vehicles/000000000006823190/2015-local-built-trailer-trailer--box-domestic-?referringPage=SearchResults
Toyota,Vitz,No,$600,N/A,1," Rear Damage, Impact Heavy - Rear, Selling De-Registered","CVT,",5,Petrol,https://manheim.co.nz/damaged-vehicles/000000000006843194/2003-toyota-vitz-hatch?referringPage=SearchResults
Nissan,Bluebird,No,$0,"197,106",1," Front Damage, Glass Broken, Selling De-Registered","4spd Automatic,",5,Petrol,https://manheim.co.nz/damaged-vehicles/000000000006843195/1996-nissan-bluebird-sedan?referringPage=SearchResults
Dodge,Journey,No,N/A,N/A,, Selling De-Registered,N/A,7,Petrol,https://manheim.co.nz/damaged-vehicles/000000000006793207/2011-dodge-journey-rt-petrol-2-7l-6a-4d-station-wagon?referringPage=SearchResults
Yamaha,MT-09,No,$0,"24,340",1," Right Side Damage, Impact Heavy - Front, Impact Heavy - Right Side, Selling De-Registered",N/A,N/A,Petrol,https://manheim.co.nz/damaged-vehicles/000000000006803236/2017-yamaha-mt-09-f-motorcycle?referringPage=SearchResults
Mazda,Premacy,No,$600,"104,462",1," Left Side Damage, Impact Medium - Left Side, Selling De-Registered","Automatic,",7,Petrol,https://manheim.co.nz/damaged-vehicles/000000000006843230/2008-mazda-premacy-station-wagon?referringPage=SearchResults
Nissan,Tiida,No,$500,N/A,0," Stolen & Recovered, Selling De-Registered","Automatic,",5,Petrol,https://manheim.co.nz/damaged-vehicles/000000000006823256/2006-nissan-tiida-latio-hatch?referringPage=SearchResults
Suzuki,Swift,No,$400,"138,113",1," Engine Damage, Impact Light - Front, Selling De-Registered","4spd Automatic,",5,Petrol,https://manheim.co.nz/damaged-vehicles/000000000006843263/2007-suzuki-swift-hatch?referringPage=SearchResults
BMW,320i,No,"$1,250","82,359",," Impact Light - Front, Impact Light - Rear","5spd Automatic,",12,Petrol,https://manheim.co.nz/damaged-vehicles/000000000006783279/2010-bmw-320i-4d-sedan?referringPage=SearchResults
TRAILER,Trailer Domestic,No,$0,N/A,0," Front Damage, Rear Damage, Selling De-Registered",N/A,N/A,N/A,https://manheim.co.nz/damaged-vehicles/000000000006823313/2020-trailer-trailer-domestic-trailer--box-domestic-?referringPage=SearchResults
Volkswagen,Amarok,No,$5,N/A,0," Engine Damage, Fire Damage, Fire Damage Engine, Fire Damage Internal, Underbody Damage, Selling De-Registered","8spd Automatic,",5,Diesel,https://manheim.co.nz/damaged-vehicles/000000000006843312/2012-volkswagen-amarok-dc-4m-hl-auto-utility?referringPage=SearchResults
Ford,Falcon,No,$600,N/A,0," Left Rear Damage, Impact Heavy - Rear, Selling De-Registered","4spd Automatic,",5,Petrol,https://manheim.co.nz/damaged-vehicles/000000000006843327/2005-ford-falcon-ba-xr6-a-sedan?referringPage=SearchResults
CARAVAN,Abbey GTS Vogue 215,No,"$6,000",N/A,0," Left Side Damage, Impact Light - Left Side, Selling De-Registered",N/A,N/A,N/A,https://manheim.co.nz/damaged-vehicles/000000000006803349/1996-caravan-abbey-gts-vogue-215-caravan?referringPage=SearchResults
Subaru,Impreza,Yes,$500,"282,565",0," Ignition Damage, Right Side Damage, Vandalised - Interior, Stolen & Recovered, Selling Registered","5spd Manual,",5,Petrol,https://manheim.co.nz/damaged-vehicles/000000000006793453/2000-subaru-impreza-is-station-wagon?referringPage=SearchResults
Honda,CRV,No,$500,N/A,0," Roof Damage, Rolled, Selling De-Registered",N/A,9,Petrol,https://manheim.co.nz/damaged-vehicles/000000000006813486/2007-honda-crv-sport-station-wagon?referringPage=SearchResults
Mitsubishi,Mirage,No,$400,N/A,1," Airbags Deployed, Right Front Damage, Impact Heavy - Front, Airbags Deployed, Selling De-Registered","CVT,",5,Petrol,https://manheim.co.nz/damaged-vehicles/000000000006843480/2015-mitsubishi-mirage-xls-1-2p-cvt-ha-5dr-hatch?referringPage=SearchResults
KUHN,GMD700 Mower,No,$160,N/A,0, Selling De-Registered,N/A,N/A,N/A,https://manheim.co.nz/damaged-vehicles/000000000006823538/2010-kuhn-gmd700-mower-mower?referringPage=SearchResults
Mitsubishi,Colt,No,$0,"223,376",0," Right Side Damage, Selling De-Registered","Automatic,",5,Petrol,https://manheim.co.nz/damaged-vehicles/000000000006833601/2006-mitsubishi-colt-plus-1-5p-ls-hatch?referringPage=SearchResults
Suzuki,SV650,No,$0,"2,869",1," Impact Heavy - Front, Selling De-Registered","Automatic,",N/A,Petrol,https://manheim.co.nz/damaged-vehicles/000000000006793635/2022-suzuki-sv650-am3-abs-motorcycle?referringPage=SearchResults
Toyota,Corolla,No,$0,"142,433",1," Front Damage, Selling De-Registered","Automatic,",5,Petrol,https://manheim.co.nz/damaged-vehicles/000000000006833640/1998-toyota-corolla-1-6p-gs-5door-5m-hatch?referringPage=SearchResults
Fiat,500,No,$0,"66,525",1," Front Damage, Rear Damage, Roof Damage, Impact Medium - Front, Selling De-Registered","Automatic,",4,Petrol,https://manheim.co.nz/damaged-vehicles/000000000006843687/2014-fiat-500-pop-1-2p5am-ha3d4s-hatch?referringPage=SearchResults
Mazda,MAZDA2,No,$400,N/A,0," Front Damage, Water Damage, Selling De-Registered","Automatic,",5,Petrol,https://manheim.co.nz/damaged-vehicles/000000000006833702/2013-mazda-mazda2-sport-1-5-4at-hatch?referringPage=SearchResults
Mitsubishi,Lancer,No,$200,N/A,0," Front Damage, Glass Broken, Ignition Damage, Right Rear Damage, Stolen & Recovered, Selling De-Registered","Automatic,",5,Petrol,https://manheim.co.nz/damaged-vehicles/000000000006833704/2002-mitsubishi-lancer-cedia-sedan?referringPage=SearchResults
Ford,Courier,No,$5,N/A,0," Fire - Entire Vehicle, Selling De-Registered","8spd Automatic,",4,Diesel,https://manheim.co.nz/damaged-vehicles/000000000006833732/2004-ford-courier-xlt-wellside-cab-chassis?referringPage=SearchResults
Honda,fit,No,$300,N/A,1," Right Rear Damage, Impact Heavy - Right Side, Selling De-Registered",N/A,5,Petrol,https://manheim.co.nz/damaged-vehicles/000000000006833736/2009-honda-fit-hatch?referringPage=SearchResults
Suzuki,Swift,Yes,$400,"180,900",1," Right Side Damage, Impact Medium - Right Side, Impact Light - Rear, Selling Registered","Automatic,",5,Petrol,https://manheim.co.nz/damaged-vehicles/000000000006843730/2005-suzuki-swift-hatch?referringPage=SearchResults
Suzuki,Swift,No,$600,"96,422",2," Rear Damage, Impact Light - Rear, Selling De-Registered","CVT,",5,Petrol,https://manheim.co.nz/damaged-vehicles/000000000006843751/2011-suzuki-swift-hatch?referringPage=SearchResults
Honda,Accord,No,$400,N/A,1," Rear Damage, Impact Heavy - Rear, Selling De-Registered","5spd Automatic,",5,Petrol,https://manheim.co.nz/damaged-vehicles/000000000006843755/2002-honda-accord-sedan?referringPage=SearchResults
Honda,Stream,Yes,$200,N/A,0," Rear Damage, Selling Registered","Automatic,",7,Petrol,https://manheim.co.nz/damaged-vehicles/000000000006843765/2004-honda-stream-1700-station-wagon?referringPage=SearchResults
Honda,fit,No,$0,"181,956",1," Right Rear Damage, Impact Medium - Rear, Selling De-Registered","Automatic,",5,Petrol,https://manheim.co.nz/damaged-vehicles/000000000006843771/2006-honda-fit-hatch?referringPage=SearchResults
Harley-Davidson,Touring,No,$0,N/A,1," Frame Damaged, Impact Heavy - Left Side, Selling De-Registered","Manual,",N/A,Petrol,https://manheim.co.nz/damaged-vehicles/000000000006843772/2022-harley-davidson-touring-22-street-glide-sp-motorcycle?referringPage=SearchResults
Honda,Jazz,No,$100,N/A,0," Airbags Deployed, Front Damage, Right Front Damage, Impact Heavy - Front, Airbags Deployed, Selling De-Registered","5spd Automatic,",5,Petrol,https://manheim.co.nz/damaged-vehicles/000000000006843780/2003-honda-jazz-1-3i-5d-cvt-hatch-hatch?referringPage=SearchResults
Nissan,Condor,No,"$3,000",N/A,0," Front Damage, Right Front Damage, Suspension Damage, Selling De-Registered",N/A,3,N/A,https://manheim.co.nz/damaged-vehicles/000000000006813784/1994-nissan-condor-truck?referringPage=SearchResults
Honda,Civic,No,$400,N/A,1," Airbags Deployed, Front Damage, Rear Damage, Impact Heavy - Front, Impact Heavy - Rear, Selling De-Registered","Automatic,",5,Petrol,https://manheim.co.nz/damaged-vehicles/000000000006843792/2007-honda-civic-sedan?referringPage=SearchResults
Honda,fit,No,$300,N/A,1," Water Damage, Selling De-Registered","CVT,",5,Petrol,https://manheim.co.nz/damaged-vehicles/000000000006843798/2007-honda-fit-hatch?referringPage=SearchResults
Holden,Astra,No,$200,N/A,1," Front Damage, Impact Heavy - Front, Impact Medium - Left Side, Impact Medium - Right Side, Selling De-Registered","4spd Automatic,",5,Petrol,https://manheim.co.nz/damaged-vehicles/000000000006843806/2005-holden-astra-cd-auto-hatch?referringPage=SearchResults
Mazda,Axela,No,$600,"143,559",1," Glass Broken, Rear Damage, Impact Heavy - Rear, Selling De-Registered","6spd Automatic,",5,Petrol,https://manheim.co.nz/damaged-vehicles/000000000006843807/2007-mazda-axela-hatch?referringPage=SearchResults
Peugeot,208,No,$600,"89,080",1," Left Rear Damage, Impact Medium - Right Side, Selling De-Registered","Automatic,",5,Petrol,https://manheim.co.nz/damaged-vehicles/000000000006843808/2015-peugeot-208-active-1-2p-5am-ha--hatch?referringPage=SearchResults
Volvo,FH 540 Series 4 6X4T,No,"$4,100",N/A,0, Selling De-Registered,"Automatic,",N/A,Diesel,https://manheim.co.nz/damaged-vehicles/000000000006843822/2018-volvo-fh-540-series-4-6x4t-articulated?referringPage=SearchResults
BMW,323ci,Yes,$400,N/A,1," Front Damage, Impact Heavy - Front, Selling Registered","5spd Automatic,",5,Petrol,https://manheim.co.nz/damaged-vehicles/000000000006843827/1999-bmw-323ci-coupe-sedan?referringPage=SearchResults
Honda,Stream,No,$300,N/A,1," Front Damage, Impact Heavy - Front, Selling De-Registered","Automatic,",7,Petrol,https://manheim.co.nz/damaged-vehicles/000000000006843843/2008-honda-stream-station-wagon?referringPage=SearchResults
Suzuki,Swift,No,$300,"187,616",0," Impact Light - Front, Impact Light - Rear, Underbody Damage, Selling De-Registered","5spd Manual,",5,Petrol,https://manheim.co.nz/damaged-vehicles/000000000006843875/2005-suzuki-swift-hatch?referringPage=SearchResults
Suzuki,Swift,No,$100,N/A,1," Rolled, Impact Heavy - Entire Vehicle, Selling De-Registered","5spd Manual,",5,Petrol,https://manheim.co.nz/damaged-vehicles/000000000006843878/2012-suzuki-swift-gl-1-4-5dr-hatch?referringPage=SearchResults
Volkswagen,Passat,No,$5,N/A,0," Fire Damage, Fire - Entire Vehicle, Selling De-Registered","6spd Automatic,",5,Diesel,https://manheim.co.nz/damaged-vehicles/000000000006843879/2007-volkswagen-passat-2-0-tdi-dsg-sedan-sedan?referringPage=SearchResults
Nissan,Tiida,No,$600,"71,813",1," Rear Damage, Impact Heavy - Rear, Selling De-Registered","5spd CVT,",5,Petrol,https://manheim.co.nz/damaged-vehicles/000000000006843882/2011-nissan-tiida-hatch?referringPage=SearchResults
Volkswagen,Tiguan,No,N/A,"180,494",," Impact Light - Rear, Selling De-Registered","7spd Automatic,",5,Petrol,https://manheim.co.nz/damaged-vehicles/000000000006773958/2013-volkswagen-tiguan-tdi-103kw-7dsg-4d-hatch?referringPage=SearchResults
Mazda,Demio,No,$500,"90,895",1," Right Rear Damage, Selling De-Registered","Automatic,",5,Petrol,https://manheim.co.nz/damaged-vehicles/000000000006844036/2012-mazda-demio-hatch?referringPage=SearchResults
Daihatsu,Sirion,No,$400,"151,052",1," Front Damage, Rear Damage, Impact Heavy - Rear, Selling De-Registered","5spd Manual,",5,Petrol,https://manheim.co.nz/damaged-vehicles/000000000006844039/2007-daihatsu-sirion-1-3p-hatch-5m-hatch?referringPage=SearchResults
Honda,CTX200,No,$0,N/A,1," Fire - Engine, Selling De-Registered",Automati,N/A,N/A,https://manheim.co.nz/damaged-vehicles/000000000006814052/2014-honda-ctx200-quad-bike?referringPage=SearchResults
Subaru,Legacy,No,$600,N/A,0," Vandalised - Entire Vehicle, Stolen & Recovered, Selling De-Registered","3spd Automatic,",5,Petrol,https://manheim.co.nz/damaged-vehicles/000000000006844062/2007-subaru-legacy-sedan?referringPage=SearchResults
Suzuki,Swift,No,$25,"120,254",1," Impact Heavy - Front, Airbags Deployed, Selling De-Registered","Automatic,",5,Petrol,https://manheim.co.nz/damaged-vehicles/000000000006844065/2003-suzuki-swift-hatch?referringPage=SearchResults
Suzuki,7500,No,$0,"24,324",1," Roof Damage, Selling De-Registered","5spd Automatic,",N/A,Petrol,https://manheim.co.nz/damaged-vehicles/000000000006844066/2013-suzuki-7500-quad-bike?referringPage=SearchResults
Toyota,Vitz,No,$600,N/A,1," Rear Damage, Impact Heavy - Rear, Selling De-Registered","Automatic,",5,Petrol,https://manheim.co.nz/damaged-vehicles/000000000006844068/1999-toyota-vitz-hatch?referringPage=SearchResults
Mazda,Axela,No,$500,N/A,0," Glass Broken, Left Front Damage, Left Side Damage, Roof Damage, Right Side Damage, Stolen & Recovered, Selling De-Registered","Automatic,",5,Petrol,https://manheim.co.nz/damaged-vehicles/000000000006844083/2006-mazda-axela-hatch?referringPage=SearchResults
Honda,Civic,No,$200,"211,047",1," Front Damage, Impact Heavy - Front, Impact Heavy - Right Side, Selling De-Registered","Automatic,",5,Petrol,https://manheim.co.nz/damaged-vehicles/000000000006844088/2000-honda-civic-ie-l-package-hatch?referringPage=SearchResults
Suzuki,Swift,No,$500,"42,212",1," Left Front Damage, Impact Heavy - Front, Impact Heavy - Left Side, Impact Heavy - Right Side, Selling De-Registered","Automatic,",5,Petrol,https://manheim.co.nz/damaged-vehicles/000000000006844091/2013-suzuki-swift-sport-1-6-5dr-cvt-hatch?referringPage=SearchResults
LDV,V80,No,$25,N/A,0," Fire - Entire Vehicle, Selling De-Registered","5spd Automatic,",11,Diesel,https://manheim.co.nz/damaged-vehicles/000000000006844092/2017-ldv-v80-11-seat-amt-2-5d-6a-van?referringPage=SearchResults
Suzuki,Swift,No,$400,"141,949",1," Front Damage, Impact Medium - Front, Selling De-Registered","14spd Automatic,",13,Petrol,https://manheim.co.nz/damaged-vehicles/000000000006844102/2009-suzuki-swift-hatch?referringPage=SearchResults
Honda,Odyssey,Yes,$300,N/A,0," Left Side Damage, Selling Registered","Automatic,",7,Petrol,https://manheim.co.nz/damaged-vehicles/000000000006844104/2005-honda-odyssey-vtil-7st-2-4-5dr-4a-van?referringPage=SearchResults
Toyota,Corolla,No,$600,"116,429",1," Front Damage, Impact Heavy - Front, Impact Medium - Left Side, Airbags Deployed, Impact Light - Right Side, Selling De-Registered","5spd Automatic,",5,Petrol,https://manheim.co.nz/damaged-vehicles/000000000006844126/2001-toyota-corolla-1-8p-gl-hatch-4a-hatch?referringPage=SearchResults
Suzuki,Swift,No,$300,"122,358",1," Front Damage, Left Side Damage, Right Side Damage, Impact Heavy - Front, Impact Light - Left Side, Selling De-Registered","Automatic,",5,Petrol,https://manheim.co.nz/damaged-vehicles/000000000006844130/2013-suzuki-swift-hatch?referringPage=SearchResults
Mazda,Atenza,No,$500,"191,530",0," Ignition Damage, Right Front Damage, Right Rear Damage, Vandalised - Interior, Impact Light - Front, Impact Light - Right Side, Stolen & Recovered, Selling De-Registered","Automatic,",5,Petrol,https://manheim.co.nz/damaged-vehicles/000000000006844136/2007-mazda-atenza-sedan?referringPage=SearchResults
Mazda,Atenza,Yes,$500,N/A,0," Glass Broken, Ignition Damage, Left Rear Damage, Left Side Damage, Missing Radio Tape, Vandalised - Interior, Impact Light - Left Side, Impact Light - Right Side, Stolen & Recovered, Selling Registered","Automatic,",5,Petrol,https://manheim.co.nz/damaged-vehicles/000000000006844139/2007-mazda-atenza-station-wagon?referringPage=SearchResults
Honda,fit,No,$200,"126,804",1," Rear Damage, Impact Heavy - Rear, Impact Medium - Right Side, Selling De-Registered","5spd Automatic,",5,Petrol,https://manheim.co.nz/damaged-vehicles/000000000006844143/2006-honda-fit-hatch?referringPage=SearchResults
CF Moto,Moto Quad CFORCE520,No,$0,"7,446",1," Rolled, Impact Heavy - Entire Vehicle, Selling De-Registered","Manual,",N/A,N/A,https://manheim.co.nz/damaged-vehicles/000000000006844145/2020-cf-moto-moto-quad-cforce520-quad-bike?referringPage=SearchResults
Mazda,Axela,Yes,$300,"258,975",2," Front Damage, Impact Medium - Front, Selling Registered","Automatic,",5,Petrol,https://manheim.co.nz/damaged-vehicles/000000000006844147/2006-mazda-axela-sedan?referringPage=SearchResults
Mazda,MPV,No,$400,"176,046",1," Right Rear Damage, Vandalised - Entire Vehicle, Selling De-Registered","Automatic,",8,Petrol,https://manheim.co.nz/damaged-vehicles/000000000006844149/2007-mazda-mpv-station-wagon?referringPage=SearchResults
Nissan,Qashqai,No,$200,N/A,0," Front Damage, Roof Damage, Impact Heavy - Front, Impact Heavy - Roof, Impact Heavy - Right Side, Selling De-Registered","Automatic,",5,Petrol,https://manheim.co.nz/damaged-vehicles/000000000006844150/2017-nissan-qashqai-ti-2-0p-1cvt-ha-5dr-hatch?referringPage=SearchResults
Mazda,Demio,No,$600,N/A,0," Vandalised - Interior, Stolen & Recovered, Water Damage, Selling De-Registered","Automatic,",5,Petrol,https://manheim.co.nz/damaged-vehicles/000000000006844161/2012-mazda-demio-hatch?referringPage=SearchResults
Mitsubishi,Galant,No,$600,"207,681",0," Right Rear Damage, Impact Medium - Rear, Impact Medium - Right Side, Selling De-Registered","Automatic,",5,Petrol,https://manheim.co.nz/damaged-vehicles/000000000006844162/2007-mitsubishi-galant-fortis-sedan?referringPage=SearchResults
Honda,Civic,No,$600,N/A,0," Front Damage, Impact Heavy - Front, Selling De-Registered","Automatic,",5,Petrol,https://manheim.co.nz/damaged-vehicles/000000000006844166/2007-honda-civic-sedan?referringPage=SearchResults
Mazda,Atenza,No,$1,N/A,0," Fire - Entire Vehicle, Selling De-Registered","Automatic,",5,Petrol,https://manheim.co.nz/damaged-vehicles/000000000006844168/2014-mazda-atenza-station-wagon?referringPage=SearchResults
TRAILER,Lunar 1 Exon 530,No,$0,N/A,0," Right Side Damage, Impact Light - Right Side, Selling De-Registered",N/A,N/A,N/A,https://manheim.co.nz/damaged-vehicles/000000000006814249/2013-trailer-lunar-1-exon-530-camper-trailer?referringPage=SearchResults
Freightliner,FRL Argosy,No,N/A,"1,077,501",, Selling Registered,N/A,2,N/A,https://manheim.co.nz/damaged-vehicles/000000000006594326/2013-freightliner-frl-argosy-mfea-log-truck-logging-truck?referringPage=SearchResults
Hitachi,ZX85USB-5A,No,$0,N/A,0," Fire Damage Engine, Selling De-Registered",N/A,N/A,N/A,https://manheim.co.nz/damaged-vehicles/000000000006834348/1995-hitachi-zx85usb-5a-excavator?referringPage=SearchResults
John Deere,6115D,No,$0,N/A,0," Rolled, Selling De-Registered",Automati,N/A,N/A,https://manheim.co.nz/damaged-vehicles/000000000006834355/2014-john-deere-6115d-tractor---fel-tractor?referringPage=SearchResults
CARAVAN,Lunar Lexon CS,No,$0,N/A,0," Chassis Damage, Interior Damage, Underbody Damage, Suspension Damage, Selling De-Registered",N/A,N/A,LPG,https://manheim.co.nz/damaged-vehicles/000000000006834367/2004-caravan-lunar-lexon-cs-caravan?referringPage=SearchResults
Nissan,Bluebird,No,$5,N/A,0," Dismantled - Entire Vehicle, Stolen & Recovered, Selling De-Registered","4spd Automatic,",5,Petrol,https://manheim.co.nz/damaged-vehicles/000000000006824421/1996-nissan-bluebird-1-8-s-sedan-sedan?referringPage=SearchResults
Volvo,V50,No,$0,"126,175",0, Selling De-Registered,"Automatic,",5,Petrol,https://manheim.co.nz/damaged-vehicles/000000000006824484/2009-volvo-v50-station-wagon?referringPage=SearchResults
Toyota,Platz,No,$0,"105,501",0," Right Rear Damage, Selling De-Registered","Automatic,",5,Petrol,https://manheim.co.nz/damaged-vehicles/000000000006824553/2000-toyota-platz-sedan?referringPage=SearchResults
Daihatsu,Sirion,No,$0,"282,202",0," Front Damage, Has Key, Selling De-Registered","Automatic,",5,Petrol,https://manheim.co.nz/damaged-vehicles/000000000006754601/2006-daihatsu-sirion-1-3p-hatch-5m-hatch?referringPage=SearchResults
MITSUBISHI FUSO,Canter,No,$400,N/A,0," Burnt 100%, Fire - Entire Vehicle, Selling De-Registered","Manual,",3,N/A,https://manheim.co.nz/damaged-vehicles/000000000006824623/2008-mitsubishi-fuso-canter-fe150g2-tow-truck--lift-?referringPage=SearchResults
Ford,Trader Debrate 309,No,$0,"195,028",1," Interior Damage, Water Damage, Selling De-Registered","Manual,",3,N/A,https://manheim.co.nz/damaged-vehicles/000000000006824627/1994-ford-trader-debrate-309-tipper-gvm-3-495kg?referringPage=SearchResults
Mitsubishi,Triton,No,$0,N/A,0," Fire Damage, Selling De-Registered","Automatic,",5,Diesel,https://manheim.co.nz/damaged-vehicles/000000000006814717/2005-mitsubishi-triton-4wd-2-8td-dble-cab-dual-cab-chassis?referringPage=SearchResults
MAN,17.223,No,"$4,000",N/A,0," Engine Damage, Interior Damage, Transmission Failure, Water Damage, Selling De-Registered",N/A,50,N/A,https://manheim.co.nz/damaged-vehicles/000000000006814877/2004-man-17-223-slf-bus-gvm-16-000kg?referringPage=SearchResults
Nissan,Atlas,No,N/A,"213,337",, Selling Registered,"5spd,",3,Diesel,https://manheim.co.nz/damaged-vehicles/000000000006624945/1999-nissan-atlas-flat-deck?referringPage=SearchResults
NISSAN DIESEL,CG,No,N/A,"559,299",, Selling Registered,N/A,2,Diesel,https://manheim.co.nz/damaged-vehicles/000000000006624977/1995-nissan-diesel-cg-520-flat-deck?referringPage=SearchResults
Honda,Logo,Yes,$0,"153,435",3," Right Front Damage, Impact Light - Front, Selling Registered","Automatic,",5,Petrol,https://manheim.co.nz/damaged-vehicles/000000000006845043/1997-honda-logo-hatch?referringPage=SearchResults
BRIFORD,8X5 Shuttle,No,$0,N/A,0," Stolen & Recovered, Selling De-Registered",N/A,N/A,N/A,https://manheim.co.nz/damaged-vehicles/000000000006845060/2016-briford-8x5-shuttle-box-trailer?referringPage=SearchResults
Husqvarna,401,No,$0,N/A,1," Impact Medium - Front, Selling De-Registered",N/A,N/A,Petrol,https://manheim.co.nz/damaged-vehicles/000000000006835060/2019-husqvarna-401-svartpilen-motorcycle?referringPage=SearchResults
LITEWEIGHT,Tracker 450,No,$0,N/A,0," Left Side Damage, Right Side Damage, Impact Heavy - Entire Vehicle, Selling De-Registered",N/A,N/A,N/A,https://manheim.co.nz/damaged-vehicles/000000000006845079/2003-liteweight-tracker-450-caravan?referringPage=SearchResults
CARAVAN,Elddis Caravan,No,$0,N/A,0," Interior Damage, Rear Damage, Roof Damage, Water Damage, Selling Registered",N/A,N/A,N/A,https://manheim.co.nz/damaged-vehicles/000000000006845084/1998-caravan-elddis-caravan-caravan?referringPage=SearchResults
Chevrolet,MW,No,$0,N/A,1," Front Damage, Impact Medium - Front, Selling De-Registered","Automatic,",5,Petrol,https://manheim.co.nz/damaged-vehicles/000000000006845138/2007-chevrolet-mw-hatch?referringPage=SearchResults
Suzuki,Swift,No,$500,"268,692",2," Left Rear Damage, Left Side Damage, Impact Medium - Left Side, Selling De-Registered","4spd Automatic,",5,Petrol,https://manheim.co.nz/damaged-vehicles/000000000006845153/2007-suzuki-swift-hatch-1-6-5dr-sport-hatch?referringPage=SearchResults
Toyota,Vitz,No,$600,"124,980",1," Rear Damage, Impact Heavy - Rear, Impact Medium - Right Side, Selling De-Registered","4spd Automatic,",5,Petrol,https://manheim.co.nz/damaged-vehicles/000000000006845166/2006-toyota-vitz-hatch?referringPage=SearchResults
Ssangyong,Actyon Sport,No,$400,"173,264",1," Rolled, Impact Heavy - Roof, Impact Heavy - Left Side, Impact Heavy - Right Side, Impact Medium - Front, Selling De-Registered","6spd Automatic,",5,Diesel,https://manheim.co.nz/damaged-vehicles/000000000006825175/2013-ssangyong-actyon-sport-2wd-auto-d-workmate-dual-cab-utility?referringPage=SearchResults
Mazda,Atenza,No,$25,N/A,0," Dismantled - Entire Vehicle, Stolen & Recovered, Stolen & Stripped, Selling De-Registered","Automatic,",1,Petrol,https://manheim.co.nz/damaged-vehicles/000000000006845182/2002-mazda-atenza-sedan?referringPage=SearchResults
Mercedes-Benz,B200,No,$0,"119,584",0," Rear Damage, Right Side Damage, Selling De-Registered","5spd Automatic,",5,Petrol,https://manheim.co.nz/damaged-vehicles/000000000006845185/2007-mercedes-benz-b200-hatch?referringPage=SearchResults
Toyota,Altezza,No,$0,"83,666",0," Front Damage, Rear Damage, Selling De-Registered","5spd Automatic,",5,Petrol,https://manheim.co.nz/damaged-vehicles/000000000006845193/1999-toyota-altezza-sedan?referringPage=SearchResults
Honda,Jazz,No,$400,"223,856",1," Front Damage, Impact Heavy - Front, Selling De-Registered","3spd Automatic,",5,Petrol,https://manheim.co.nz/damaged-vehicles/000000000006845196/2011-honda-jazz-1-5s-hatch?referringPage=SearchResults
Honda,fit,No,$400,N/A,0," Front Damage, Impact Heavy - Front, Selling De-Registered","Automatic,",5,Hybrid,https://manheim.co.nz/damaged-vehicles/000000000006835192/2013-honda-fit-shuttle-hatch?referringPage=SearchResults
Volkswagen,Polo,No,$300,"162,593",1," Front Damage, Rear Damage, Impact Heavy - Right Side, Impact Medium - Rear, Impact Light - Front, Selling De-Registered","7spd Automatic,",5,Petrol,https://manheim.co.nz/damaged-vehicles/000000000006835210/2010-volkswagen-polo-63kw-7dsg-hatch?referringPage=SearchResults
Mitsubishi,Lancer,No,$5,N/A,0," Fire Damage, Fire - Entire Vehicle, Stolen & Recovered, Selling De-Registered","Automatic,",5,Petrol,https://manheim.co.nz/damaged-vehicles/000000000006825264/2001-mitsubishi-lancer-cedia-mx-e-ltd-sedan?referringPage=SearchResults
CARAVAN,Buccaneer Caravan,No,"$2,500",N/A,0, Selling De-Registered,N/A,N/A,N/A,https://manheim.co.nz/damaged-vehicles/000000000006815264/2007-caravan-buccaneer-caravan-caravan?referringPage=SearchResults
Toyota,Markx,No,N/A,N/A,, Selling De-Registered,N/A,5,Petrol,https://manheim.co.nz/damaged-vehicles/000000000006825271/2009-toyota-markx-250g-4d-sedan?referringPage=SearchResults
Kawasaki,ex,No,$0,N/A,0," Impact Heavy - Front, Stolen & Recovered, Selling De-Registered",N/A,N/A,Petrol,https://manheim.co.nz/damaged-vehicles/000000000006825289/2019-kawasaki-ex-400dkf-motorcycle?referringPage=SearchResults
Mazda,Atenza,No,$600,N/A,0," Ignition Damage, Left Rear Damage, Rear Damage, Right Front Damage, Right Rear Damage, Vandalised - Entire Vehicle, Selling De-Registered","Automatic,",5,Petrol,https://manheim.co.nz/damaged-vehicles/000000000006825308/2005-mazda-atenza-sedan?referringPage=SearchResults
Subaru,Impreza,No,$0,"311,661",1," Front Damage, Glass Broken, Rear Damage, Right Rear Damage, Impact Light - Right Side, Selling De-Registered","Automatic,",5,Petrol,https://manheim.co.nz/damaged-vehicles/000000000006845307/2005-subaru-impreza-2-0-gx-hatch-auto-station-wagon?referringPage=SearchResults
Mitsubishi,Diamante,No,$300,"324,023",1," Impact Heavy - Left Side, Selling De-Registered","4spd Automatic,",5,Petrol,https://manheim.co.nz/damaged-vehicles/000000000006845324/2000-mitsubishi-diamante-3-5-s-s-sedan-a-sedan?referringPage=SearchResults
Yamaha,YW50,Yes,$0,"34,948",0," Ignition Damage, Impact Medium - Front, Stolen & Recovered, Selling Registered","Automatic,",N/A,Petrol,https://manheim.co.nz/damaged-vehicles/000000000006785323/2014-yamaha-yw50-fe-scooter?referringPage=SearchResults
Mazda,Demio,No,$200,N/A,0," Left Front Damage, Left Rear Damage, Selling De-Registered","Automatic,",5,Petrol,https://manheim.co.nz/damaged-vehicles/000000000006835343/2006-mazda-demio-hatch?referringPage=SearchResults
TRAILER,Local,No,$0,N/A,0," Water Damage, Selling De-Registered",N/A,N/A,N/A,https://manheim.co.nz/damaged-vehicles/000000000006835344/1976-trailer-local-trailer--box-domestic-?referringPage=SearchResults
Mazda,Axela,No,$400,N/A,1," Impact Heavy - Entire Vehicle, Selling De-Registered","3spd Automatic,",5,Petrol,https://manheim.co.nz/damaged-vehicles/000000000006835349/2005-mazda-axela-hatch?referringPage=SearchResults
Mazda,Atenza,No,$400,N/A,0," Engine Damage, Front Damage, Ignition Damage, Stolen & Recovered, Selling De-Registered","5spd Automatic,",5,Petrol,https://manheim.co.nz/damaged-vehicles/000000000006845395/2004-mazda-atenza-sedan?referringPage=SearchResults
Honda,fit,Yes,$0,"235,121",2," Right Front Damage, Impact Light - Front, Selling Registered","Automatic,",5,Petrol,https://manheim.co.nz/damaged-vehicles/000000000006845425/2003-honda-fit-hatch?referringPage=SearchResults
Massey Ferguson,5450,No,$80,N/A,0," Burnt 100%, Fire Damage, Fire Damage Engine, Fire Damage Internal, Selling De-Registered",N/A,N/A,N/A,https://manheim.co.nz/damaged-vehicles/000000000006805430/2015-massey-ferguson-5450-tractor?referringPage=SearchResults
Isuzu,ELF,No,"$2,000",N/A,1," Chassis Damage, Front Damage, Selling De-Registered","Manual R/R,",6,Diesel,https://manheim.co.nz/damaged-vehicles/000000000006835456/2010-isuzu-elf-truck-gcm-6-500kg?referringPage=SearchResults
Isuzu,Forward,No,$0,"1,856 HR Showing, Transmission, Manual, Engine, 6.49L, Drive Type, 4x2, Fuel Type, Diese",0," Roof Damage, Stolen & Recovered, Selling De-Registered","Manual,",3,Diesel,https://manheim.co.nz/damaged-vehicles/000000000006835457/1990-isuzu-forward-frr12-truck-gcm-12-900kg?referringPage=SearchResults
Harley-Davidson,Vrscaw,No,$0,N/A,0," Right Side Damage, Selling De-Registered","Automatic,",N/A,Petrol,https://manheim.co.nz/damaged-vehicles/000000000006825466/2009-harley-davidson-vrscaw-multi-purpose-vehicle?referringPage=SearchResults
BMW,116i,No,$1,N/A,0," Fire Damage, Fire Damage Engine, Fire Damage Internal, Fire - Entire Vehicle, Fire - Engine, Fire - Interior, Stolen & Recovered, Selling De-Registered","Automatic,",5,Petrol,https://manheim.co.nz/damaged-vehicles/000000000006845464/2011-bmw-116i-hatch?referringPage=SearchResults
Toyota,Markx,No,$600,N/A,1," Impact Heavy - Front, Impact Heavy - Rear, Selling De-Registered","Automatic,",7,Petrol,https://manheim.co.nz/damaged-vehicles/000000000006845492/2007-toyota-markx-zio-station-wagon?referringPage=SearchResults
Saab,9-5,No,$300,"241,869",1," Right Side Damage, Impact Medium - Right Side, Selling De-Registered","Automatic,",5,Petrol,https://manheim.co.nz/damaged-vehicles/000000000006845509/2004-saab-9-5-linear-estate-2-3a-station-wagon?referringPage=SearchResults
Vmoto,Milan,No,$0,"12,070",1," Front Damage, Impact Heavy - Front, Impact Medium - Left Side, Selling De-Registered","Automatic,",N/A,Petrol,https://manheim.co.nz/damaged-vehicles/000000000006845516/2012-vmoto-milan-jx50-scooter?referringPage=SearchResults
Honda,Odyssey,Yes,$500,"134,805",0," Rear Damage, Selling Registered","Automatic,",7,Petrol,https://manheim.co.nz/damaged-vehicles/000000000006845528/2005-honda-odyssey-station-wagon?referringPage=SearchResults
Ford,Transit,No,$0,"228,326",0," Fire Damage, Selling De-Registered","Automatic,",2,N/A,https://manheim.co.nz/damaged-vehicles/000000000006845530/2007-ford-transit-lwb-hiroof-m-caravan?referringPage=SearchResults
Renault,Koleos,No,$400,N/A,2," Right Front Damage, Impact Heavy - Front, Selling De-Registered","Automatic,",5,Diesel,https://manheim.co.nz/damaged-vehicles/000000000006845669/2011-renault-koleos-station-wagon?referringPage=SearchResults
Mazda,Demio,No,$400,N/A,1," Rolled, Impact Heavy - Front, Impact Heavy - Rear, Impact Heavy - Left Side, Impact Heavy - Right Side, Selling De-Registered","Automatic,",5,Petrol,https://manheim.co.nz/damaged-vehicles/000000000006835722/2009-mazda-demio-hatch?referringPage=SearchResults
Ford,Mondeo,No,$100,N/A,0," Left Side Damage, Selling De-Registered","Automatic,",5,Petrol,https://manheim.co.nz/damaged-vehicles/000000000006835724/2003-ford-mondeo-2-0-sedan-auto-sedan?referringPage=SearchResults
Nissan,Tiida,No,$600,N/A,1," Right Rear Damage, Impact Medium - Right Side, Selling De-Registered","Manual,",5,Petrol,https://manheim.co.nz/damaged-vehicles/000000000006845768/2005-nissan-tiida-hatch?referringPage=SearchResults
Holden,Cruze,No,$1,N/A,0," Fire - Entire Vehicle, Selling De-Registered","Automatic,",5,Petrol,https://manheim.co.nz/damaged-vehicles/000000000006845780/2014-holden-cruze-cd-1-8p-6at-sw-5s-station-wagon?referringPage=SearchResults
Mazda,Axela,No,$500,N/A,2," Front Damage, Impact Heavy - Front, Airbags Deployed, Selling De-Registered","Automatic,",5,Petrol,https://manheim.co.nz/damaged-vehicles/000000000006845817/2010-mazda-axela-station-wagon?referringPage=SearchResults
Mitsubishi,Pajero,Yes,$600,"26,804",0," Interior Damage, Right Rear Damage, Vandalised - Interior, Impact Medium - Right Side, Impact Light - Front, Stolen & Recovered, Selling Registered","5spd Manual,",5,Petrol,https://manheim.co.nz/damaged-vehicles/000000000006845827/1994-mitsubishi-pajero-station-wagon?referringPage=SearchResults
Mazda,MAZDA3,No,$600,N/A,1," Front Damage, Left Side Damage, Impact Heavy - Right Side, Selling De-Registered","Automatic,",5,Petrol,https://manheim.co.nz/damaged-vehicles/000000000006845837/2008-mazda-mazda3-sedan-gsx-2-0-4-aut-sedan?referringPage=SearchResults
Honda,fit,No,$200,"109,612",1," Front Damage, Impact Medium - Front, Selling De-Registered","Automatic,",5,Petrol,https://manheim.co.nz/damaged-vehicles/000000000006845839/2008-honda-fit-hatch?referringPage=SearchResults
Suzuki,Swift,No,$400,N/A,1," Front Damage, Impact Heavy - Front, Impact Heavy - Rear, Selling De-Registered","Automatic,",5,Petrol,https://manheim.co.nz/damaged-vehicles/000000000006845847/2006-suzuki-swift-hatch?referringPage=SearchResults
Nissan,Wingroad,No,$200,"91,753",0," Chassis Damage, Engine Damage, Front Damage, Glass Broken, Ignition Damage, Left Front Damage, Left Rear Damage, Right Rear Damage, Stolen & Recovered, Selling De-Registered","6spd Automatic,",5,Petrol,https://manheim.co.nz/damaged-vehicles/000000000006725929/2006-nissan-wingroad-station-wagon?referringPage=SearchResults
Ford,Territory,No,$1,N/A,0," Fire - Entire Vehicle, Stolen & Recovered, Selling De-Registered","Automatic,",7,Diesel,https://manheim.co.nz/damaged-vehicles/000000000006845937/2014-ford-territory-titanium-awd-diesel-station-wagon?referringPage=SearchResults
Toyota,Sienta,No,$600,N/A,1," Right Side Damage, Impact Medium - Right Side, Selling De-Registered","Automatic,",7,Petrol,https://manheim.co.nz/damaged-vehicles/000000000006845944/2006-toyota-sienta-hatch?referringPage=SearchResults
Volvo,FM,No,$0,N/A,0," Rolled, Selling De-Registered","Automatic, Fuel Type, Diese",N/A,Diesel,https://manheim.co.nz/damaged-vehicles/000000000006845946/2017-volvo-fm-service-truck-gvm-34-000kg?referringPage=SearchResults
Toyota,Will,No,$500,"139,058",1," Front Damage, Impact Heavy - Front, Selling De-Registered","4spd Automatic,",5,Petrol,https://manheim.co.nz/damaged-vehicles/000000000006845947/2001-toyota-will-sedan?referringPage=SearchResults
Nissan,Tiida,No,$600,"137,080",2," Left Rear Damage, Impact Heavy - Left Side, Selling De-Registered","4spd Automatic,",5,Petrol,https://manheim.co.nz/damaged-vehicles/000000000006845948/2009-nissan-tiida-hatch?referringPage=SearchResults
Nissan,Primera,Yes,$0,N/A,0," Ignition Damage, Stolen & Recovered, Selling Registered","Automatic,",5,Petrol,https://manheim.co.nz/damaged-vehicles/000000000006815945/1998-nissan-primera-hyper-cvt-m6-station-wagon?referringPage=SearchResults
Caterpillar,304c CR Excavator,No,"$4,400",N/A,0, Water Damage,"Automatic H/L, Drive Type, 4x4, Fuel Type, Diese",N/A,Diesel,https://manheim.co.nz/damaged-vehicles/000000000006815946/2007-caterpillar-304c-cr-excavator-excavator?referringPage=SearchResults
Ford,Fiesta,No,$400,N/A,0," Front Damage, Selling De-Registered","5spd Manual,",5,Petrol,https://manheim.co.nz/damaged-vehicles/000000000006825954/2005-ford-fiesta-5dr-1-6-m-hatch?referringPage=SearchResults
Mitsubishi,Mirage,No,$500,N/A,1," Right Front Damage, Right Rear Damage, Selling De-Registered","Automatic,",5,Petrol,https://manheim.co.nz/damaged-vehicles/000000000006845953/2013-mitsubishi-mirage-1-2p-ls-5dr-hatch-a-hatch?referringPage=SearchResults
Subaru,Impreza,No,$600,N/A,1," Left Side Damage, Impact Heavy - Left Side, Selling De-Registered","Automatic,",5,Petrol,https://manheim.co.nz/damaged-vehicles/000000000006845956/2008-subaru-impreza-hatch-2-0r-auto-hatch?referringPage=SearchResults
Suzuki,Swift,No,$400,N/A,1," Front Damage, Impact Heavy - Front, Selling De-Registered","4spd Automatic,",5,Petrol,https://manheim.co.nz/damaged-vehicles/000000000006845967/2007-suzuki-swift-hatch?referringPage=SearchResults
Toyota,Caldina,No,$600,N/A,0," Engine Damage, Glass Broken, Ignition Damage, Stolen & Recovered, Selling De-Registered","Automatic,",5,Petrol,https://manheim.co.nz/damaged-vehicles/000000000006845987/2002-toyota-caldina-zt-station-wagon?referringPage=SearchResults
Nissan,Tiida,No,$0,"116,330",1," Impact Medium - Front, Selling De-Registered","Automatic,",5,Petrol,https://manheim.co.nz/damaged-vehicles/000000000006845994/2005-nissan-tiida-hatch?referringPage=SearchResults
Mitsubishi,Canter,No,$400,N/A,1," Interior Damage, Water Damage, Selling De-Registered","Automatic,",N/A,N/A,https://manheim.co.nz/damaged-vehicles/000000000006796004/1986-mitsubishi-canter-cab-chassis?referringPage=SearchResults
Subaru,Outback,No,$0,"122,294",1," Right Rear Damage, Selling De-Registered","Automatic,",5,Petrol,https://manheim.co.nz/damaged-vehicles/000000000006846055/2005-subaru-outback-station-wagon?referringPage=SearchResults
Sumitomo,2.5 Ton Forklift,No,$80,N/A,0, Water Damage,Automati,N/A,N/A,https://manheim.co.nz/damaged-vehicles/000000000006776102/2015-sumitomo-2-5-ton-forklift-forklift--gp-?referringPage=SearchResults
Toyota,RAV4,No,$600,"248,562",1," Right Side Damage, Impact Heavy - Right Side, Impact Medium - Front, Selling De-Registered","3spd Automatic,",5,Petrol,https://manheim.co.nz/damaged-vehicles/000000000006846117/1995-toyota-rav4-j-v-station-wagon?referringPage=SearchResults
Toyota,Echo,No,$400,"134,928",1," Left Side Damage, Rear Damage, Impact Medium - Rear, Selling De-Registered","Automatic,",5,Petrol,https://manheim.co.nz/damaged-vehicles/000000000006846118/2002-toyota-echo-1-3p-hatch3-4a-hatch?referringPage=SearchResults
Nissan,Primera,No,$200,N/A,1," Rear Damage, Impact Medium - Rear, Selling De-Registered","Automatic,",5,Petrol,https://manheim.co.nz/damaged-vehicles/000000000006846119/1998-nissan-primera-sedan?referringPage=SearchResults
Holden,Commodore,No,$5,N/A,0," Fire - Entire Vehicle, Selling De-Registered","3spd Automatic,",5,Petrol,https://manheim.co.nz/damaged-vehicles/000000000006846181/2009-holden-commodore-sv6-sedan-auto-sedan?referringPage=SearchResults
Nissan,Dualis,No,$0,N/A,0," Fire - Entire Vehicle, Stolen & Recovered, Selling De-Registered","CVT,",5,Petrol,https://manheim.co.nz/damaged-vehicles/000000000006846188/2007-nissan-dualis-hatch?referringPage=SearchResults
Suzuki,Swift,Yes,$0,"110,553",1," Front Damage, Impact Light - Front, Selling Registered","Automatic,",5,Petrol,https://manheim.co.nz/damaged-vehicles/000000000006846190/2007-suzuki-swift-hatch?referringPage=SearchResults
Ford,N1317,No,"$1,200","594,104",1," Interior Damage, Water Damage, Selling De-Registered",N/A,3,Diesel,https://manheim.co.nz/damaged-vehicles/000000000006796253/1986-ford-n1317-flat-deck-gvm-21-000kg?referringPage=SearchResults
Holden,Vectra,No,$400,N/A,1," Rear Damage, Right Rear Damage, Impact Heavy - Rear, Selling De-Registered","5spd Automatic,",5,Petrol,https://manheim.co.nz/damaged-vehicles/000000000006846363/2004-holden-vectra-cdx-hatch-auto-hatch?referringPage=SearchResults
Mazda,Demio,No,$400,N/A,0," Ignition Damage, Rear Damage, Impact Heavy - Rear, Vandalised - Interior, Stolen & Recovered, Selling De-Registered","Automatic,",5,Petrol,https://manheim.co.nz/damaged-vehicles/000000000006846419/2011-mazda-demio-hatch?referringPage=SearchResults
CARAVAN,Lunar DELTA640,No,"$14,050",N/A,0," Interior Damage, Water Damage, Selling Registered",N/A,N/A,N/A,https://manheim.co.nz/damaged-vehicles/000000000006796429/2004-caravan-lunar-delta640-caravan?referringPage=SearchResults
Mazda,Axela,No,$0,"184,090",0," Front Damage, Selling De-Registered","5spd Manual,",5,Petrol,https://manheim.co.nz/damaged-vehicles/000000000006846453/2004-mazda-axela-hatch?referringPage=SearchResults
BMW,116i,No,$0,N/A,1," Front Damage, Impact Heavy - Front, Airbags Deployed, Selling De-Registered","Automatic,",5,Petrol,https://manheim.co.nz/damaged-vehicles/000000000006846454/2011-bmw-116i-hatch?referringPage=SearchResults
Honda,fit,No,$600,N/A,1," Rear Damage, Impact Heavy - Rear, Selling De-Registered","Automatic,",5,Petrol,https://manheim.co.nz/damaged-vehicles/000000000006846459/2013-honda-fit-hatch?referringPage=SearchResults
Mitsubishi,Galant,No,$600,"177,322",0," Front Damage, Left Front Damage, Impact Heavy - Front, Selling De-Registered","CVT,",5,Petrol,https://manheim.co.nz/damaged-vehicles/000000000006846493/2009-mitsubishi-galant-fortis-station-wagon?referringPage=SearchResults
Holden,Commodore,No,$600,"247,836",1," Water Damage, Selling De-Registered","5spd Automatic,",5,Petrol,https://manheim.co.nz/damaged-vehicles/000000000006846511/2007-holden-commodore-sv6-sedan-auto-sedan?referringPage=SearchResults
Honda,fit,No,$500,N/A,1," Rear Damage, Impact Medium - Rear, Selling De-Registered","CVT,",5,Petrol,https://manheim.co.nz/damaged-vehicles/000000000006846524/2006-honda-fit-station-wagon?referringPage=SearchResults
MAN,TGX 35.540,No,$0,N/A,0," Engine Damage, Rolled, Selling De-Registered",N/A,2,Diesel,https://manheim.co.nz/damaged-vehicles/000000000006826546/2017-man-tgx-35-540-truck-gvm-35-000kg?referringPage=SearchResults
Daihatsu,Sirion,No,$300,N/A,0," Airbags Deployed, Front Damage, Impact Heavy - Front, Airbags Deployed, Selling De-Registered","Automatic,",5,Petrol,https://manheim.co.nz/damaged-vehicles/000000000006846553/2003-daihatsu-sirion-sirion-1-3p-hatch-5-hatch?referringPage=SearchResults
Honda,fit,No,$600,N/A,0," Rear Damage, Impact Heavy - Rear, Selling De-Registered","CVT,",5,Petrol,https://manheim.co.nz/damaged-vehicles/000000000006846608/2008-honda-fit-hatch?referringPage=SearchResults
Volkswagen,Golf,No,$500,N/A,1," Front Damage, Impact Heavy - Front, Impact Medium - Left Side, Impact Medium - Right Side, Selling De-Registered","6spd Automatic,",5,Petrol,https://manheim.co.nz/damaged-vehicles/000000000006846620/2011-volkswagen-golf-r-199kw-6dsg-hatch?referringPage=SearchResults
Honda,Jazz,No,$300,"179,735",1," Front Damage, Impact Heavy - Front, Selling De-Registered","5spd Automatic,",5,Petrol,https://manheim.co.nz/damaged-vehicles/000000000006816624/2009-honda-jazz-1-3s-hatch?referringPage=SearchResults
Daihatsu,Sirion,Yes,$0,"174,251",1," Front Damage, Impact Light - Front, Selling Registered","4spd Automatic,",5,Petrol,https://manheim.co.nz/damaged-vehicles/000000000006846645/2005-daihatsu-sirion-1-3p-gs-hatch-4a-hatch?referringPage=SearchResults
Volvo,FH12,No,N/A,"1,217,279",, Impact Light - Right Side,"13spd Manual H/L,",2,Diesel,https://manheim.co.nz/damaged-vehicles/000000000006806675/2004-volvo-fh12-460-curtainside-gcm-70-000kg?referringPage=SearchResults
Nissan,Tiida,No,$600,N/A,1," Right Rear Damage, Impact Heavy - Rear, Selling De-Registered","CVT,",5,Petrol,https://manheim.co.nz/damaged-vehicles/000000000006846682/2006-nissan-tiida-hatch?referringPage=SearchResults
Honda,Accord,Yes,$400,N/A,0," Glass Broken, Interior Damage, Vandalised - Interior, Impact Light - Front, Impact Light - Rear, Impact Light - Left Side, Stolen & Recovered, Selling Registered",N/A,5,Petrol,https://manheim.co.nz/damaged-vehicles/000000000006836697/1999-honda-accord-station-wagon?referringPage=SearchResults
Honda,Jazz,No,$400,"121,055",1," Right Side Damage, Impact Heavy - Right Side, Impact Medium - Front, Selling De-Registered","5spd Automatic,",5,Petrol,https://manheim.co.nz/damaged-vehicles/000000000006846703/2013-honda-jazz-1-5-sport-auto-hatch?referringPage=SearchResults
Mitsubishi,Colt,No,$0,"133,032",1," Rear Damage, Selling De-Registered","5spd CVT,",5,Petrol,https://manheim.co.nz/damaged-vehicles/000000000006846731/2006-mitsubishi-colt-hatch?referringPage=SearchResults
Honda,fit,No,$500,N/A,0," Impact Heavy - Front, Airbags Deployed, Selling De-Registered","Automatic,",5,Petrol,https://manheim.co.nz/damaged-vehicles/000000000006816899/2004-honda-fit-sedan?referringPage=SearchResults
Nissan,Tiida,No,$600,"153,839",0," Right Front Damage, Right Rear Damage, Impact Medium - Right Side, Impact Light - Rear, Selling De-Registered","CVT,",5,Petrol,https://manheim.co.nz/damaged-vehicles/000000000006846938/2007-nissan-tiida-hatch?referringPage=SearchResults
POTTINGER,Novacat 352v Mower,No,$0,N/A,0, Selling De-Registered,N/A,N/A,N/A,https://manheim.co.nz/damaged-vehicles/000000000006846946/2020-pottinger-novacat-352v-mower-mower?referringPage=SearchResults
Mitsubishi,Canter,No,$0,N/A,0," Engine Damage, Selling De-Registered","Manual,",3,N/A,https://manheim.co.nz/damaged-vehicles/000000000006846952/2008-mitsubishi-canter-truck?referringPage=SearchResults
Holden,Captiva,No,$400,N/A,1," Front Damage, Impact Heavy - Front, Impact Heavy - Left Side, Impact Heavy - Right Side, Airbags Deployed, Selling De-Registered","3spd Automatic,",7,Petrol,https://manheim.co.nz/damaged-vehicles/000000000006846974/2016-holden-captiva-ls-equipe-2-4p-6at-station-wagon?referringPage=SearchResults
Mazda,Atenza,Yes,$400,N/A,0," Glass Broken, Interior Damage, Vandalised - Interior, Stolen & Recovered, Selling Registered","4spd Automatic,",5,Petrol,https://manheim.co.nz/damaged-vehicles/000000000006847033/2002-mazda-atenza-sedan?referringPage=SearchResults
CARAVAN,Swift Challenger,No,$0,N/A,0," Left Front Damage, Selling Registered",N/A,N/A,N/A,https://manheim.co.nz/damaged-vehicles/000000000006847050/2003-caravan-swift-challenger-caravan?referringPage=SearchResults
Ford,Fiesta,No,$0,N/A,0," Airbags Deployed, Engine Damage, Interior Damage, Roof Damage, Impact Heavy - Front, Impact Heavy - Entire Vehicle, Selling De-Registered","Manual,",5,Petrol,https://manheim.co.nz/damaged-vehicles/000000000006847113/2010-ford-fiesta-5dr-1-6-m-s-hatch?referringPage=SearchResults
NEW Holland,TS110 Tractor,No,$0,N/A,0," Burnt 90%, Selling De-Registered",Manua,N/A,N/A,https://manheim.co.nz/damaged-vehicles/000000000006837117/2004-new-holland-ts110-tractor-tractor?referringPage=SearchResults
Mazda,MAZDA3,No,$500,N/A,2," Front Damage, Impact Heavy - Front, Selling De-Registered","4spd Automatic,",5,Petrol,https://manheim.co.nz/damaged-vehicles/000000000006847151/2007-mazda-mazda3-sporthatch-gsx-2-0-hatch?referringPage=SearchResults
Volkswagen,Golf,No,$0,"176,271",1," Front Damage, Rear Damage, Right Rear Damage, Impact Light - Right Side, Selling De-Registered","Automatic,",5,Petrol,https://manheim.co.nz/damaged-vehicles/000000000006847153/2005-volkswagen-golf-hatch?referringPage=SearchResults
Nissan,Atlas,No,"$1,200","330,686",1," Fire Damage, Selling De-Registered","5spd Manual,",3,Petrol,https://manheim.co.nz/damaged-vehicles/000000000006837162/1993-nissan-atlas-150-truck-gvm-3-105kg?referringPage=SearchResults
Mazda,Demio,No,$100,"160,028",0," Airbags Deployed, Chassis Damage, Engine Damage, Front Damage, Has Key, Left Side Damage, Rear Damage, Right Side Damage, Impact Heavy - Front, Selling De-Registered",N/A,5,Petrol,https://manheim.co.nz/damaged-vehicles/000000000006837164/2005-mazda-demio-station-wagon?referringPage=SearchResults
Ford,Focus,No,$0,"140,299",1," Front Damage, Impact Light - Left Side, Selling De-Registered","Automatic,",5,Petrol,https://manheim.co.nz/damaged-vehicles/000000000006847230/2000-ford-focus-hatch?referringPage=SearchResults
CARAVAN,Hermitage 546,No,$0,N/A,0," Chassis Damage, Left Rear Damage, Selling De-Registered",N/A,N/A,N/A,https://manheim.co.nz/damaged-vehicles/000000000006837272/2006-caravan-hermitage-546-caravan?referringPage=SearchResults
Nissan,X-trail,No,$600,"231,534",0," Front Damage, Has Key, Left Front Damage, Left Rear Damage, Rear Damage, Impact Heavy - Rear, Selling De-Registered","5spd Manual,",5,Petrol,https://manheim.co.nz/damaged-vehicles/000000000006847307/2004-nissan-x-trail-aut-2-5-ti-sroof-lt-station-wagon?referringPage=SearchResults
Peugeot,307,No,$300,"214,264",1," Airbags Deployed, Left Rear Damage, Impact Heavy - Left Side, Suspension Damage, Selling De-Registered","4spd Automatic,",5,Petrol,https://manheim.co.nz/damaged-vehicles/000000000006847308/2002-peugeot-307-xsi-2-0-hatch?referringPage=SearchResults
Honda,fit,No,$600,"87,113",1," Rear Damage, Right Rear Damage, Impact Heavy - Rear, Selling De-Registered","Automatic,",5,Hybrid,https://manheim.co.nz/damaged-vehicles/000000000006847309/2014-honda-fit-hatch?referringPage=SearchResults
Volvo,S80,No,$500,"183,631",1," Right Front Damage, Right Rear Damage, Right Side Damage, Impact Medium - Right Side, Selling De-Registered","Automatic,",5,Petrol,https://manheim.co.nz/damaged-vehicles/000000000006847359/2007-volvo-s80-3-2p-4dr-6sp-a-seda-sedan?referringPage=SearchResults
Audi,A4,No,$200,"209,660",1," Front Damage, Left Side Damage, Impact Light - Front, Impact Light - Rear, Selling De-Registered","6spd Manual,",5,Petrol,https://manheim.co.nz/damaged-vehicles/000000000006807354/2003-audi-a4-avant-3-0-quattro-m-station-wagon?referringPage=SearchResults
Holden,Cruze,No,$600,N/A,1," Right Front Damage, Right Rear Damage, Right Side Damage, Impact Medium - Right Side, Selling De-Registered","6spd Automatic,",5,Petrol,https://manheim.co.nz/damaged-vehicles/000000000006847361/2011-holden-cruze-sri-1-4-turbo-at-sedan?referringPage=SearchResults
Caterpillar,525c,No,N/A,N/A,," Impact Light - Left Side, Impact Light - Right Side",N/A,N/A,N/A,https://manheim.co.nz/damaged-vehicles/000000000006767390/2008-caterpillar-525c-mdlla-forestry-machinery-skidde?referringPage=SearchResults
Jaguar,S-type,No,$400,N/A,1," Front Damage, Selling De-Registered","Automatic,",5,Petrol,https://manheim.co.nz/damaged-vehicles/000000000006847413/2001-jaguar-s-type-sedan?referringPage=SearchResults
Nissan,Wingroad,No,$400,"89,036",2," Rear Damage, Impact Medium - Rear, Selling De-Registered","CVT,",5,Petrol,https://manheim.co.nz/damaged-vehicles/000000000006847441/2006-nissan-wingroad-station-wagon?referringPage=SearchResults
Mazda,Demio,No,$200,N/A,0," Stolen & Recovered, Salt Water Damage, Selling De-Registered","Automatic,",5,Petrol,https://manheim.co.nz/damaged-vehicles/000000000006847442/2002-mazda-demio-hatch?referringPage=SearchResults
Nissan,Primera,Yes,$400,"247,988",0," Glass Broken, Interior Damage, Left Side Damage, Right Rear Damage, Stolen & Recovered, Selling Registered","Automatic,",5,Petrol,https://manheim.co.nz/damaged-vehicles/000000000006847447/2001-nissan-primera-2-0-gxe-sedan-auto-sedan?referringPage=SearchResults
Suzuki,Swift,No,$500,"270,701",1," Right Side Damage, Impact Heavy - Right Side, Impact Medium - Front, Suspension Damage, Selling De-Registered","3spd Automatic,",5,Petrol,https://manheim.co.nz/damaged-vehicles/000000000006827495/2005-suzuki-swift-hatch?referringPage=SearchResults
Suzuki,Swift,No,$0,"300,602",1," Impact Heavy - Rear, Selling De-Registered","5spd Automatic,",5,Petrol,https://manheim.co.nz/damaged-vehicles/000000000006847510/2006-suzuki-swift-hatch-1-6-5dr-sport-hatch?referringPage=SearchResults
Subaru,Legacy,No,$0,N/A,0," Ignition Damage, Vandalised - Interior, Stolen & Recovered, Selling De-Registered","Automatic,",5,Petrol,https://manheim.co.nz/damaged-vehicles/000000000006847529/2002-subaru-legacy-gt-30-station-wagon?referringPage=SearchResults
Mitsubishi,Outlander,No,$0,N/A,0," Front Damage, Impact Heavy - Front, Selling De-Registered","Automatic,",7,Petrol,https://manheim.co.nz/damaged-vehicles/000000000006847545/2006-mitsubishi-outlander-station-wagon?referringPage=SearchResults
TRAILER,BST2021D,No,"$1,360",N/A,0," Fire Damage, Selling De-Registered",N/A,N/A,N/A,https://manheim.co.nz/damaged-vehicles/000000000006827569/2021-trailer-bst2021d-trailer?referringPage=SearchResults
Nissan,Note,No,$400,N/A,1," Rear Damage, Impact Medium - Rear, Impact Light - Left Side, Selling De-Registered","CVT,",5,Petrol,https://manheim.co.nz/damaged-vehicles/000000000006847576/2005-nissan-note-hatch?referringPage=SearchResults
Mazda,Atenza,No,$600,N/A,1," Rear Damage, Impact Heavy - Rear, Selling De-Registered","Automatic,",5,Petrol,https://manheim.co.nz/damaged-vehicles/000000000006847578/2006-mazda-atenza-hatch?referringPage=SearchResults
Mazda,MAZDA6,No,$200,N/A,2," Rolled, Dismantled - Entire Vehicle, Selling De-Registered","6spd Manual,",5,Petrol,https://manheim.co.nz/damaged-vehicles/000000000006837597/2006-mazda-mazda6-sport-ltd-2-3-m6-hatch?referringPage=SearchResults
Mazda,Axela,No,$400,N/A,1," Front Damage, Impact Heavy - Front, Vandalised - Interior, Impact Light - Left Side, Selling De-Registered","5spd Automatic,",5,Petrol,https://manheim.co.nz/damaged-vehicles/000000000006837598/2007-mazda-axela-hatch?referringPage=SearchResults
Suzuki,Swift,No,$400,"165,400",1," Rear Damage, Impact Heavy - Rear, Impact Light - Front, Selling De-Registered","Automatic,",5,Petrol,https://manheim.co.nz/damaged-vehicles/000000000006837635/2004-suzuki-swift-hatch?referringPage=SearchResults
Ssangyong,Korando,No,$0,"188,352",1," Left Front Damage, Suspension Damage, Selling De-Registered","6spd Automatic,",5,Petrol,https://manheim.co.nz/damaged-vehicles/000000000006847701/2014-ssangyong-korando-petrol-2wd-m-sport-station-wagon?referringPage=SearchResults
Freightliner,Columbia,No,$0,N/A,0," Front Damage, Rear Damage, Selling De-Registered",N/A,2,Diesel,https://manheim.co.nz/damaged-vehicles/000000000006797833/2008-freightliner-columbia-112-tra-truck-gvm-24-000kg?referringPage=SearchResults
Mazda,Demio,No,$0,N/A,0," Airbags Deployed, Front Damage, Ignition Damage, Left Side Damage, Rear Damage, Stolen & Recovered, Selling De-Registered","Automatic,",5,Petrol,https://manheim.co.nz/damaged-vehicles/000000000006817845/2003-mazda-demio-hatch?referringPage=SearchResults
Mitsubishi,Colt Plus,No,$200,"166,601",1," Front Damage, Selling De-Registered","Automatic,",5,Petrol,https://manheim.co.nz/damaged-vehicles/000000000006847869/2006-mitsubishi-colt-plus-1-5p-ls-5dr-hatch?referringPage=SearchResults
MINI,Cooper,No,$500,"184,565",1," Rear Damage, Impact Medium - Rear, Selling De-Registered","Automatic,",4,Petrol,https://manheim.co.nz/damaged-vehicles/000000000006847873/2002-mini-cooper-sedan?referringPage=SearchResults
Mazda,Demio,No,$200,"104,524",1," Right Side Damage, Impact Medium - Right Side, Selling De-Registered","Automatic,",5,Petrol,https://manheim.co.nz/damaged-vehicles/000000000006847880/2003-mazda-demio-hatch?referringPage=SearchResults
CARAVAN ACE,Diplomak,No,$0,N/A,0," Interior Damage, Roof Damage, Water Damage, Selling De-Registered",N/A,N/A,N/A,https://manheim.co.nz/damaged-vehicles/000000000006847884/2002-caravan-ace-diplomak-caravan?referringPage=SearchResults
Suzuki,Swift,No,$400,N/A,2," Left Front Damage, Impact Heavy - Front, Selling De-Registered","Automatic,",5,Petrol,https://manheim.co.nz/damaged-vehicles/000000000006847903/2007-suzuki-swift-hatch?referringPage=SearchResults
Nissan,Tiida,No,$500,N/A,1," Front Damage, Impact Heavy - Front, Vandalised - Interior, Selling De-Registered","Automatic,",5,Petrol,https://manheim.co.nz/damaged-vehicles/000000000006847908/2009-nissan-tiida-hatch?referringPage=SearchResults
Mazda,Demio,Yes,$400,"204,910",0," Ignition Damage, Malicious/Vandalised, Right Side Damage, Selling Registered","Automatic,",5,Petrol,https://manheim.co.nz/damaged-vehicles/000000000006847910/2003-mazda-demio-hatch?referringPage=SearchResults
Holden,Commodore,No,$600,"262,942",1," Right Front Damage, Right Side Damage, Impact Heavy - Front, Selling De-Registered","Automatic,",5,Petrol,https://manheim.co.nz/damaged-vehicles/000000000006847997/2008-holden-commodore-sv6-sedan-auto-sedan?referringPage=SearchResults
MITSUBISHI FUSO,HD Euro 470,No,"$4,000",N/A,0," Chassis Damage, Selling De-Registered",N/A,2,N/A,https://manheim.co.nz/damaged-vehicles/000000000006818036/2015-mitsubishi-fuso-hd-euro-470-fs470s2-articulated-truck-gvm-30-800kg?referringPage=SearchResults
Mitsubishi,Grandis,No,$300,"266,354",1," Front Damage, Right Side Damage, Impact Medium - Right Side, Selling De-Registered","Automatic,",7,Petrol,https://manheim.co.nz/damaged-vehicles/000000000006838073/2005-mitsubishi-grandis-station-wagon?referringPage=SearchResults
Volkswagen,Golf,Yes,$600,N/A,1," Right Front Damage, Impact Light - Right Side, Selling Registered","6spd Manual,",5,Petrol,https://manheim.co.nz/damaged-vehicles/000000000006848077/2006-volkswagen-golf-2-0-fsi-man-hatch?referringPage=SearchResults
Honda,Accord,No,$500,"187,612",1," Stolen & Recovered, Selling De-Registered",N/A,5,Petrol,https://manheim.co.nz/damaged-vehicles/000000000006838086/2004-honda-accord-wagon-2400-station-wagon?referringPage=SearchResults
Toyota,Porte,No,$600,N/A,0," Left Front Damage, Impact Heavy - Front, Vandalised - Interior, Selling De-Registered",N/A,5,Petrol,https://manheim.co.nz/damaged-vehicles/000000000006838144/2008-toyota-porte-station-wagon?referringPage=SearchResults
Suzuki,Swift,No,$400,"33,004",0," Front Damage, Glass Broken, Right Side Damage, Impact Heavy - Front, Selling De-Registered","4spd Automatic,",5,Petrol,https://manheim.co.nz/damaged-vehicles/000000000006848166/2006-suzuki-swift-rs-hatch?referringPage=SearchResults
Mazda,Capella,Yes,$200,"238,322",0," Glass Broken, Ignition Damage, Vandalised - Interior, Impact Medium - Left Side, Stolen & Recovered, Selling Registered","Automatic,",5,Petrol,https://manheim.co.nz/damaged-vehicles/000000000006848187/1999-mazda-capella-wagon-station-wagon?referringPage=SearchResults
Kia,Cerato,No,$400,"252,045",1," Right Rear Damage, Impact Heavy - Right Side, Impact Medium - Rear, Selling De-Registered","4spd Automatic,",5,Petrol,https://manheim.co.nz/damaged-vehicles/000000000006838189/2007-kia-cerato-2-0-auto-hatch-hatch?referringPage=SearchResults
Mazda,MAZDA6,No,$200,N/A,1," Front Damage, Impact Medium - Front, Impact Light - Left Side, Selling De-Registered","4spd Automatic,",5,Petrol,https://manheim.co.nz/damaged-vehicles/000000000006838228/2003-mazda-mazda6-sedan-gsx-2-3-4-aut-sedan?referringPage=SearchResults
Mazda,Atenza,No,$500,N/A,0," Front Damage, Ignition Damage, Left Rear Damage, Stolen & Recovered, Selling De-Registered","4spd Automatic,",5,Petrol,https://manheim.co.nz/damaged-vehicles/000000000006828235/2002-mazda-atenza-2300-hatch?referringPage=SearchResults
Mazda,Familia,No,$200,"286,492",0," Impact Heavy - Front, Vandalised - Interior, Stolen & Recovered, Selling De-Registered","Automatic,",5,Petrol,https://manheim.co.nz/damaged-vehicles/000000000006848239/2000-mazda-familia-station-wagon?referringPage=SearchResults
Subaru,Legacy,No,$400,"133,161",1," Right Side Damage, Impact Heavy - Right Side, Impact Medium - Front, Selling De-Registered","5spd Automatic,",5,Petrol,https://manheim.co.nz/damaged-vehicles/000000000006838275/2007-subaru-legacy-b-sport-station-wagon?referringPage=SearchResults
Subaru,Legacy,No,$0,"243,531",1, Selling De-Registered,"Automatic,",5,Petrol,https://manheim.co.nz/damaged-vehicles/000000000006808357/1998-subaru-legacy-250t-station-wagon?referringPage=SearchResults
ANGLO,Galaxy,No,$640,N/A,0," Rear Damage, Impact Heavy - Front, Impact Heavy - Rear, Selling De-Registered",N/A,N/A,N/A,https://manheim.co.nz/damaged-vehicles/000000000006828505/1971-anglo-galaxy-camper-trailer?referringPage=SearchResults
Nissan,March,No,$400,N/A,1," Rear Damage, Impact Heavy - Rear, Selling De-Registered","4spd Automatic,",5,Petrol,https://manheim.co.nz/damaged-vehicles/000000000006848510/2004-nissan-march-hatch?referringPage=SearchResults
Mazda,Axela,No,$600,"110,759",1," Airbags Deployed, Front Damage, Impact Heavy - Front, Selling De-Registered","Automatic,",5,Petrol,https://manheim.co.nz/damaged-vehicles/000000000006848605/2012-mazda-axela-hatch?referringPage=SearchResults
Suzuki,Aerio,No,$100,"128,417",1," Airbags Deployed, Front Damage, Interior Damage, Impact Heavy - Front, Airbags Deployed, Selling De-Registered","4spd Automatic,",5,Petrol,https://manheim.co.nz/damaged-vehicles/000000000006848608/2001-suzuki-aerio-hatch?referringPage=SearchResults
Isuzu,Forward FRR34S2,No,$80,N/A,0, Selling De-Registered,N/A,N/A,N/A,https://manheim.co.nz/damaged-vehicles/000000000006808613/2008-isuzu-forward-frr34s2-van-parts-only?referringPage=SearchResults
TRAILER,Bostar K9,No,$0,N/A,0," Burnt 100%, Fire - Entire Vehicle, Selling De-Registered",N/A,N/A,N/A,https://manheim.co.nz/damaged-vehicles/000000000006848719/2007-trailer-bostar-k9-dog-trailer?referringPage=SearchResults
Nissan,X-trail,No,$600,"171,039",2," Front Damage, Left Side Damage, Impact Heavy - Front, Impact Medium - Left Side, Selling De-Registered",N/A,5,Petrol,https://manheim.co.nz/damaged-vehicles/000000000006838732/2010-nissan-x-trail-station-wagon?referringPage=SearchResults
TRAILER,Home Built,No,$310,N/A,0," Impact Heavy - Front, Impact Heavy - Left Side, Impact Heavy - Right Side, Selling De-Registered",N/A,N/A,N/A,https://manheim.co.nz/damaged-vehicles/000000000006838755/2020-trailer-home-built-trailer?referringPage=SearchResults
Holden,Barina,No,$0,"155,086",1," Front Damage, Rear Damage, Selling De-Registered","5spd Manual,",5,Petrol,https://manheim.co.nz/damaged-vehicles/000000000006818753/2007-holden-barina-3dr-hatch-manual-hatch?referringPage=SearchResults
Toyota,Vitz,No,$500,"179,440",0," Left Front Damage, Rear Damage, Impact Heavy - Rear, Selling De-Registered","4spd Automatic,",5,Petrol,https://manheim.co.nz/damaged-vehicles/000000000006818760/2000-toyota-vitz-hatch?referringPage=SearchResults
SPRITE,Quattro FB Grande,No,$0,N/A,0," Front Damage, Interior Damage, Left Side Damage, Right Side Damage, Impact Heavy - Left Side, Impact Heavy - Right Side, Impact Medium - Front, Selling De-Registered",N/A,N/A,N/A,https://manheim.co.nz/damaged-vehicles/000000000006838804/2023-sprite-quattro-fb-grande-caravan?referringPage=SearchResults
Toyota,Vitz,No,$600,"100,182",1," Right Side Damage, Impact Heavy - Rear, Impact Heavy - Left Side, Impact Heavy - Right Side, Selling De-Registered","3spd Automatic,",5,Petrol,https://manheim.co.nz/damaged-vehicles/000000000006838852/2004-toyota-vitz-hatch?referringPage=SearchResults
TMC,5H 3904,No,"$1,050",N/A,0," Suspension Damage, Selling De-Registered",N/A,N/A,N/A,https://manheim.co.nz/damaged-vehicles/000000000006828897/2017-tmc-5h-3904-trailer?referringPage=SearchResults
Nissan,Wingroad,No,$400,"142,833",1," Rear Damage, Impact Heavy - Rear, Impact Light - Front, Selling De-Registered","4spd Automatic,",5,Petrol,https://manheim.co.nz/damaged-vehicles/000000000006848892/2008-nissan-wingroad-station-wagon?referringPage=SearchResults
Honda,Accord,No,$200,"179,558",0," Front Damage, Glass Broken, Left Front Damage, Left Side Damage, Rear Damage, Right Side Damage, Airbags Deployed, Suspension Damage, Selling De-Registered","4spd Automatic,",5,Petrol,https://manheim.co.nz/damaged-vehicles/000000000006848898/1995-honda-accord-sedan?referringPage=SearchResults
Holden,Captiva,No,"$1,750","169,371",, Selling De-Registered,"6spd Automatic,",5,Petrol,https://manheim.co.nz/damaged-vehicles/000000000006808902/2015-holden-captiva-5-lt-2-4p-6at-sw-4d-5d-station-wagon?referringPage=SearchResults
CARAVAN,Coachman 500/5 SE,No,"$3,200",N/A,0," Interior Damage, Frame Damaged, Roof Damage, Right Side Damage, Water Damage, Selling De-Registered",N/A,N/A,N/A,https://manheim.co.nz/damaged-vehicles/000000000006818927/2001-caravan-coachman-500-5-se-caravan?referringPage=SearchResults
Honda,fit,No,$400,"116,941",1," Front Damage, Impact Medium - Right Side, Selling De-Registered","CVT,",5,Petrol,https://manheim.co.nz/damaged-vehicles/000000000006808940/2009-honda-fit-hatch?referringPage=SearchResults
EVANS,Hotspot,No,"$1,200",N/A,0, Selling De-Registered,N/A,N/A,N/A,https://manheim.co.nz/damaged-vehicles/000000000006819048/1992-evans-hotspot-boat---outboard---traile?referringPage=SearchResults
Toyota,Dyna,No,"$1,200",N/A,1," Interior Damage, Ignition Damage, Left Rear Damage, Stolen & Recovered","5spd Manual,",3,Diesel,https://manheim.co.nz/damaged-vehicles/000000000006839103/2006-toyota-dyna-kr-van-gcm-5-500kg?referringPage=SearchResults
TRAILER,TES,No,"$4,000",N/A,0," Chassis Damage, Selling De-Registered",N/A,N/A,N/A,https://manheim.co.nz/damaged-vehicles/000000000006839107/2015-trailer-tes-fbt5-l-trailer?referringPage=SearchResults
TAKEUCHI,1.6T Digger,No,$0,"80,852 HR Showing, Transmission, Automati",0," Burnt 100%, Fire Damage, Selling De-Registered",Automati,N/A,N/A,https://manheim.co.nz/damaged-vehicles/000000000006819124/2004-takeuchi-1-6t-digger-digger?referringPage=SearchResults
Mazda,323,No,$0,"201,964",1," Front Damage, Impact Medium - Front, Selling De-Registered","Automatic,",5,Petrol,https://manheim.co.nz/damaged-vehicles/000000000006599129/1996-mazda-323-hatch-3dr-lx-1-3-m5-hatch?referringPage=SearchResults
Toyota,Aqua,No,$400,N/A,0," Impact Heavy - Front, Impact Heavy - Entire Vehicle, Selling De-Registered",N/A,5,Hybrid,https://manheim.co.nz/damaged-vehicles/000000000006789222/2013-toyota-aqua-hybrid-hatch?referringPage=SearchResults
BAILEY,California,No,$0,N/A,0, Selling De-Registered,N/A,N/A,N/A,https://manheim.co.nz/damaged-vehicles/000000000006829294/2009-bailey-california-caravan?referringPage=SearchResults
Case,5120a,No,$0,N/A,0," Burnt 100%, Stolen & Recovered, Selling De-Registered","Automatic, Fuel Type, Diese",N/A,Diesel,https://manheim.co.nz/damaged-vehicles/000000000006849300/1991-case-5120a-tractor?referringPage=SearchResults
Honda,Stepwagon,No,$100,N/A,0," Engine Damage, Glass Broken, Interior Damage, Rolled, Impact Heavy - Front, Impact Heavy - Rear, Impact Heavy - Roof, Impact Heavy - Left Side, Impact Heavy - Right Side, Airbags Deployed, Selling De-Registered",N/A,8,Petrol,https://manheim.co.nz/damaged-vehicles/000000000006839392/2005-honda-stepwagon-multi-purpose-vehicle?referringPage=SearchResults
Ford,Escape,No,$0,N/A,0," Left Front Damage, Left Side Damage, Stolen & Recovered, Suspension Damage, Selling De-Registered","Automatic,",5,Petrol,https://manheim.co.nz/damaged-vehicles/000000000006839401/2008-ford-escape-station-wagon?referringPage=SearchResults
Nissan,Caravan,No,$0,1,0," Left Front Damage, Roof Damage, Right Side Damage, Selling De-Registered","5spd Automatic,",3,Petrol,https://manheim.co.nz/damaged-vehicles/000000000006819490/2009-nissan-caravan-van?referringPage=SearchResults
Mazda,Atenza,No,$300,"198,008",0," Left Front Damage, Left Side Damage, Right Front Damage, Right Side Damage, Selling De-Registered","Automatic,",5,Petrol,https://manheim.co.nz/damaged-vehicles/000000000006749505/2007-mazda-atenza-hatch?referringPage=SearchResults
Kubota,72&#39;zero Turn Ride ON Mower,No,"$3,050",N/A,0," Engine Damage, Engine Failure, Selling De-Registered",Automati,N/A,N/A,https://manheim.co.nz/damaged-vehicles/000000000006839597/2010-kubota-72-zero-turn-ride-on-mower-mower?referringPage=SearchResults
CARAVAN,Abbey,No,$0,N/A,0," Front Damage, Left Front Damage, Right Front Damage, Impact Heavy - Front, Selling Registered",N/A,N/A,N/A,https://manheim.co.nz/damaged-vehicles/000000000006839606/1988-caravan-abbey-caravan?referringPage=SearchResults
TASMAN 20,Trailer Sailor,No,$800,N/A,0," Impact Heavy - Left Side, Impact Medium - Right Side, Impact Light - Front, Selling De-Registered",N/A,N/A,N/A,https://manheim.co.nz/damaged-vehicles/000000000006819745/2000-tasman-20-trailer-sailor-boat?referringPage=SearchResults
Massey Ferguson,6465 Tractor,No,$0,N/A,0," Rolled, Selling De-Registered","Automatic, Fuel Type, Diese",N/A,Diesel,https://manheim.co.nz/damaged-vehicles/000000000006849776/2011-massey-ferguson-6465-tractor-tractor?referringPage=SearchResults
Volkswagen,Golf,No,$200,N/A,1," Front Damage, Impact Heavy - Front, Selling De-Registered","Automatic,",5,Petrol,https://manheim.co.nz/damaged-vehicles/000000000006839884/2005-volkswagen-golf-hatch?referringPage=SearchResults
NISSAN DIESEL,PK220,No,$0,"628,848",0," Chassis Damage, Right Side Damage, Selling De-Registered",N/A,3,N/A,https://manheim.co.nz/damaged-vehicles/000000000006819913/2000-nissan-diesel-pk220-4x2-truck-gvm-15-000kg?referringPage=SearchResults
